{
  "model_name": "practical_ensemble_v5.0",
  "model_id": "practical_ensemble",
  "version": "5.0",
  "mae": 78.6805,
  "rmse": 100.297322443822,
  "bias": -0.32658000000000154,
  "max_error": 362.18,
  "exact_matches": 0,
  "runtime": 15.082231044769287,
  "cases_evaluated": 1000,
  "error_p50": 65.24000000000001,
  "error_p75": 108.50000000000006,
  "error_p90": 161.23799999999983,
  "error_p95": 193.5265000000002,
  "timestamp": "2025-06-07T20:00:52.588061",
  "description": "Baseline v5 model"
}