{
  "model_name": "practical_ensemble_v5.16",
  "model_id": "practical_ensemble",
  "version": "5.16",
  "mae": 78.81348,
  "rmse": 100.50083983430189,
  "bias": -0.6304200000000019,
  "max_error": 369.47,
  "exact_matches": 0,
  "runtime": 14.925575971603394,
  "cases_evaluated": 1000,
  "error_p50": 65.11500000000001,
  "error_p75": 108.50000000000006,
  "error_p90": 161.568,
  "error_p95": 193.5265000000002,
  "timestamp": "2025-06-07T20:20:38.291813",
  "description": "Test exact fractional penalties (1/3, 1/2)"
}