{
  "model_name": "practical_ensemble_v5.1",
  "model_id": "practical_ensemble",
  "version": "5.1",
  "mae": 78.59908999999999,
  "rmse": 100.17575339122736,
  "bias": -0.021230000000001838,
  "max_error": 345.98,
  "exact_matches": 0,
  "runtime": 15.23941683769226,
  "cases_evaluated": 1000,
  "error_p50": 65.31999999999994,
  "error_p75": 108.50000000000006,
  "error_p90": 161.23799999999983,
  "error_p95": 193.5265000000002,
  "timestamp": "2025-06-07T20:01:52.436013",
  "description": "Adjusted .49 receipt penalty"
}