{
  "receipt_statistics": {
    "count": 1000.0,
    "mean": 1211.0568700000001,
    "std": 742.8541803673129,
    "min": 1.42,
    "25%": 530.3775,
    "50%": 1171.9,
    "75%": 1881.105,
    "max": 2503.46
  },
  "receipt_coverage_mean": 2.801597213397002,
  "low_receipt_penalty": {
    "under_10": 226.44125000000003,
    "under_50": 658.4723999999999,
    "threshold": 50
  },
  "model_performance": {
    "linear": {
      "r2": 0.4956652516482578,
      "mae": 264.6594653019371,
      "coef": 0.4457392189455827
    },
    "quadratic": {
      "r2": 0.607957780212937,
      "mae": 225.01651008723013
    },
    "isotonic": {
      "r2": 0.6562633993653,
      "mae": 212.00316082893772
    },
    "decision_tree": {
      "r2": 0.686914191964711,
      "mae": 202.46003522269223
    }
  },
  "key_thresholds": [
    5.820000171661377,
    11.449999809265137,
    13.244999885559082,
    23.089999198913574,
    36.204999923706055
  ]
}